"","Materia","MaxIntNuncaCert","MeanIntNuncaCert","ProbCert1a","ModeIntNuncaCert"
"1","CALCULO INTEGRAL",32,1.64490603363007,0.462376488472257,1
"2","ALGEBRA LINEAL",20,1.67912266450041,0.45982639661696,1
"3","CALCULO DIFERENCIAL",19,1.62394603709949,0.349299533022015,1
"4","CULTURA CIENTIFICA Y HUMANISTICA II",17,1.55936819172113,0.646323743097937,1
"5","CALCULO DIFERENCIAL E INTEGRAL",16,3.9,0.0548523206751055,2
"6","CALCULO DIFERENCIAL INTEGRAL",16,3.88118811881188,0.0543933054393305,2
"7","ESTUDIOS SOCIALES E HISTORICOS II",16,1.52517985611511,0.714397305082263,1
"8","ESTUDIOS SOCIALES E HISTORICOS II MOD-II",16,1.55377574370709,0.714376372955821,1
"9","ESTUDIOS SOCIALES E HISTORICOS I MOD-I",15,1.45875027796309,0.70589828934128,1
"10","INGLES I",15,1.39622959097795,0.609275869612776,1
"11","INTRODUCCION A LA PROGRAMACION",15,1.40712468193384,0.464734419703943,1
"12","QUIMICA DE LA CELULA",15,1.48283931357254,0.640216411181244,1
"13","ELECTRICIDAD Y MAGNETISMO",14,1.45945945945946,0.742565845369584,1
"14","ESTUDIOS SOCIALES E HISTORICOS III",14,1.49411231884058,0.743165961340501,1
"15","ESTUDIOS SOCIALES E HISTORICOS III MOD-I",14,1.51585144927536,0.743195333943275,1
"16","LENGUAJE Y PENSAMIENTO III",14,1.51506136110078,0.643343537202474,1
"17","MECANICA I",14,1.46440823327616,0.47579065211307,1
"18","MECANICA I",14,1.47578589634664,0.474080267558528,1
"19","ALGEBRA Y GEOMETRIA ANALITICA",13,1.50076103500761,0.451566844517923,1
"20","ARTE Y COMUNICACION",13,1.4175,0.644323671497585,1
"21","ESTUDIOS SOCIALES E HISTORICOS I",13,1.44197421076034,0.705841365695041,1
"22","LENGUAJE Y PENSAMIENTO I",13,1.44843658962905,0.649797647414804,1
"23","TEORIA POLITICA I",13,1.56397849462366,0.56852450188476,1
"24","CELULA I",12,1.43927444794953,0.44748631159781,1
"25","FARMACOLOGIA",12,1.87784090909091,0.516429840142096,1
"26","FILOSOFIA DE LA ECONOMIA",12,1.56862745098039,0.566191446028513,1
"27","CELULA II",11,1.41903409090909,0.526842280760253,1
"28","CRECIMIENTO Y DESARROLLO I",11,1.38758029978587,0.725007161271842,1
"29","ENFOQUES ESTRUCTURALISTAS EN COMUNICACION",11,1.47325102880658,0.807914262159934,1
"30","ENFOQUES ESTRUCTURALISTAS EN COMUNICACION",11,1.5,0.804324324324324,1
"31","ESTADISTICA Y PROBABILIDAD",11,1.48785425101215,0.606533036377134,1
"32","FILOSOFIA DE LA CULTURA Y EL ARTE",11,1.37264150943396,0.745075318655852,1
"33","INGLES III",11,1.41172595520422,0.674637544718509,1
"34","LECTURA DE TEXTOS EN INGLES II",11,1.55456171735242,0.56980056980057,1
"35","LECTURA DE TEXTOS EN INGLES III",11,1.5154958677686,0.600752587017874,1
"36","NUTRICION",11,1.53008595988539,0.63113435237329,1
"37","POLITICAS Y PLANES DE SALUD",11,1.49689440993789,0.752919196637086,1
"38","TEORIA POLITICA III",11,1.74285714285714,0.579946906269144,1
"39","BIOESTADISTICA",10,1.39684329199549,0.397238278741169,1
"40","CALCULO VECTORIAL",10,1.51731601731602,0.638632478632479,1
"41","COMUNICACION Y EDUCACION",10,1.39501779359431,0.797665369649806,1
"42","CUERPO HUMANO II",10,1.43426883308715,0.592048929663609,1
"43","CULTURA CIENTIFICA Y HUMANISTICA I",10,1.41663326653307,0.655874753001976,1
"44","FOTOGRAFIA BASICA",10,1.33261802575107,0.768601583113456,1
"45","INGLES II",10,1.44775212636695,0.608437275517534,1
"46","LECTURA DE TEXTOS EN INGLES I",10,1.3713163064833,0.613717062231359,1
"47","LEGISLACION SANITARIA",10,1.55102040816327,0.725366876310273,1
"48","MECANICA II",10,1.42728635682159,0.655629139072848,1
"49","MODELACION Y CONTROL DE TRAFICO",10,1.91666666666667,0.565022421524664,1
"50","PROMOCION DE LA SALUD II",10,1.80882352941176,0.723712446351931,1
"51","SALUD PUBLICA III",10,1.70454545454545,0.664656771799629,1
"52","TEORIA POLITICA II",10,1.67064439140811,0.576962632841961,1
"53","TERMODINAMICA Y FLUIDOS",10,1.43567251461988,0.778740419860047,1
"54","ALGEBRA Y GEOMETRIA ANALITICA (INGENIERIA)",9,1.58064516129032,0.209377526273242,1
"55","CAD EN INGENIERIA",9,1.20634920634921,0.736276849642005,1
"56","CUERPO HUMANO I",9,1.47460317460317,0.454963680387409,1
"57","CULTURA CIENTIFICA Y HUMANISTICA III",9,1.47347302719572,0.714547013432409,1
"58","ELECTRONICA DIGITAL I",9,1.46009389671362,0.555900621118012,1
"59","ESTUDIOS CULTURALES EN COMUNICACION",9,1.42009132420091,0.811641067097817,1
"60","ETICA Y COMUNICACION",9,1.44961240310078,0.718785796105384,1
"61","FRANCES II",9,1.31563421828909,0.627758007117438,1
"62","FUNDAMENTOS DE ADMINISTRACION",9,1.26492537313433,0.757616790792146,1
"63","GLOBALIZACION CONCENTRACION Y EL NUEVO ORDEN INTERNACIONAL",9,1.42322097378277,0.688693098384728,1
"64","GLOBALIZACION CONCENTRACION Y NUEVO ORDEN INTERNACIONAL",9,1.42545454545455,0.690701001430615,1
"65","HISTORIA MUNDIAL DEL SIGLO XX",9,1.52631578947368,0.605594405594406,1
"66","LENGUAJE Y PENSAMIENTO II",9,1.46142069810165,0.689483540311453,1
"67","MICROPROCESADORES Y PERIFERICOS",9,1.48484848484848,0.75811209439528,1
"68","PARTICIPACION Y REPRESENTACION EN EL MEXICO CONTEMPORANEO",9,1.3946587537092,0.746428571428571,1
"69","PROBLEMAS DE LA PRODUCCION Y REPRODUCCION CULTURAL",9,1.43414634146341,0.725060827250608,1
"70","PROBLEMAS DE LA PRODUCCION Y REPRODUCCION CULTURAL",9,1.47596153846154,0.724324324324324,1
"71","SEMINARIO DE TESIS I: PROYECTO DE INVESTIGACION",9,1.65822784810127,0.692058346839546,1
"72","ANALISIS CULTURAL",8,1.22,0.739597849890504,1
"73","ANALISIS POLITICO DE COYUNTURA",8,1.36534446764092,0.718986742424242,1
"74","ANTROPOLOGIA DE LA CULTURA Y EL ARTE",8,1.36153846153846,0.716300940438871,1
"75","ARGUMENTACION JURIDICA",8,1.33333333333333,0.66804979253112,1
"76","CONTEMPORANEIDAD DE LA CULTURA Y EL ARTE MESOAMERICANO",8,1.30851063829787,0.71712158808933,1
"77","CRITICA A LA ILUSTRACION",8,1.45748987854251,0.797061269753258,1
"78","DEMOCRACIA Y AUTORITARISMO EN LAS SOCIEDADES LATINOAMERICANAS CONTEMPORANEAS",8,1.5360824742268,0.728285077951002,1
"79","ECUACIONES DIFERENCIALES ORDINARIAS",8,1.43684210526316,0.658255227108868,1
"80","ECUACIONES DIFERENCIALES ORDINARIAS",8,1.49738219895288,0.657563780093424,1
"81","ENFOQUES CRITICOS EN COMUNICACION",8,1.48628428927681,0.741581259150805,1
"82","ENFOQUES FUNCIONALISTAS EN COMUNICACION",8,1.38444924406048,0.70161662817552,1
"83","ESTUDIOS POSCOLONIALES Y SUBALTERNOS",8,1.41157556270096,0.784991360157986,1
"84","FRANCES I",8,1.16830188679245,0.558120133481646,1
"85","HISTORIA LATINOAMERICANA DEL TIEMPO PRESENTE",8,1.6,0.63304347826087,1
"86","INTRODUCCION A LA METODOLOGIA DE LA INVESTIGACION",8,1.30913348946136,0.719432959243946,1
"87","INTRODUCCION A LA PROMOCION DE LA SALUD",8,1.33333333333333,0.636386639676113,1
"88","MATEMATICAS DISCRETAS",8,1.33808553971487,0.466666666666667,1
"89","METODOLOGIA CUALITATIVA",8,1.41176470588235,0.833049403747871,1
"90","PUBLICIDAD Y PROPAGANDA",8,1.28716216216216,0.8427624872579,1
"91","QUIMICA GENERAL",8,1.29435483870968,0.697788697788698,1
"92","SANEAMIENTO AMBIENTAL",8,1.3974358974359,0.819769749900754,1
"93","SISTEMAS DE PROTECCION ASISTENCIA Y REHABILITACION DE LA SALUD",8,1.5,0.766620816139386,1
"94","ACTORES SOCIALES Y PARTICIPACION EN LA CIUDAD DE MEXICO",7,1.25641025641026,0.794258373205742,1
"95","ANALISIS DE SISTEMAS DINAMICOS",7,1.609375,0.660194174757282,1
"96","BIOETICA Y VALORES",7,1.59310344827586,0.774927395934172,1
"97","BIOLOGIA CELULAR",7,1.31818181818182,0.663570691434469,1
"98","CIENCIA Y SOCIEDAD",7,1.45522388059702,0.673635307781649,1
"99","CIUDADANIA PARTICIPACION Y REPRESENTACION. APORTES TEORICOS",7,1.43558282208589,0.763464741810105,1
"100","COMUNICACION INTERCULTURAL: SU IMPORTANCIA PARA EL TRABAJO EN LA CULTURA Y EL ARTE",7,1.29145728643216,0.72069825436409,1
"101","CRECIMIENTO Y DESARROLLO II",7,1.38223938223938,0.749540272158882,1
"102","CUENTO I",7,1.36746987951807,0.767460317460318,1
"103","DIVERSIDAD CULTURAL Y ARTISTICA: APRENDIZAJE Y SENSIBILIZACION",7,1.23578947368421,0.681041844577284,1
"104","ELECTRONICA DIGITAL II",7,1.51764705882353,0.717871485943775,1
"105","ENFOQUES SISTEMICOS EN COMUNICACION",7,1.45454545454545,0.827052868391451,1
"106","FILOSOFIA DE LA HISTORIA",7,1.48275862068966,0.605568445475638,1
"107","FILOSOFIAS DEL SIGLO XX",7,1.16806722689076,0.677966101694915,1
"108","FORMAS DE GOBIERNO Y SISTEMAS ELECTORALES EN AMERICA LATINA",7,1.25,0.778578290105668,1
"109","GESTION CULTURAL",7,1.31176470588235,0.714182344428365,1
"110","INFORMATICA EN LAS TELECOMUNICACIONES",7,1.65116279069767,0.704950495049505,1
"111","INTERNACIONALIZACION Y GLOBALIZACION. APORTES TEORICOS",7,1.43172690763052,0.703468979319546,1
"112","INTRODUCCION A LA FISICA",7,1.27261904761905,0.747073498368835,1
"113","INTRODUCCION A LA INGENIERIA EN SISTEMAS",7,1.35574572127139,0.557986870897155,1
"114","INTRODUCCION A LA INVESTIGACION SOCIAL",7,1.51181102362205,0.662291169451074,1
"115","LENGUAJES ARTISTICOS EN EL MEXICO CONTEMPORANEO",7,1.33834586466165,0.829940119760479,1
"116","METODOLOGIA CUANTITATIVA",7,1.32975871313673,0.759095149253731,1
"117","MEXICO Y AMERICA LATINA EN EL CONTEXTO INTERNACIONAL",7,1.43850267379679,0.696069469835466,1
"118","MITOS MITOLOGIA Y ARQUETIPOS EN LA LITERATURA",7,1.23711340206186,0.7776,1
"119","PERIODISMO ESCRITO: GENEROS INFORMATIVOS",7,1.26176470588235,0.724842767295597,1
"120","PRACTICA FOTOGRAFICA",7,1.35909090909091,0.866687979539642,1
"121","PSICOLOGIA DE LA CULTURA Y EL ARTE",7,1.5974025974026,0.750967741935484,1
"122","SEMINARIO DE INVESTIGACION",7,1.42156862745098,0.73583093179635,1
"123","SEMINARIO DE INVESTIGACION I",7,1.57407407407407,0.71558768070396,1
"124","SEMINARIO DE INVESTIGACION II",7,1.51904761904762,0.768998109640832,1
"125","SEMINARIO DE TITULACION",7,1.51351351351351,0.775541795665635,1
"126","SISTEMA POLITICO MEXICANO; DIVISION O CONCENTRACION DE PODERES",7,1.45229681978799,0.733521923620933,1
"127","SISTEMAS DE POTENCIA",7,1.61904761904762,0.717770034843206,1
"128","TALLER DE LENGUAJE COMUNICACION Y CULTURA",7,1.20842332613391,0.750602409638554,1
"129","ANALISIS DE LAS INDUSTRIAS CULTURALES",6,1.48167539267016,0.686021505376344,1
"130","BIENES Y SUCESIONES",6,1.5045045045045,0.743498817966903,1
"131","BIOQUIMICA I",6,1.37948717948718,0.639825897714907,1
"132","COMPUTACION I",6,1.20852221214869,0.71606648199446,1
"133","COMUNICACION INTERCULTURAL",6,1.30057803468208,0.730166750884285,1
"134","DEMOCRACIA AUTORITARISMO Y VIOLENCIA POLITICA EN AMERICA LATINA",6,1.41666666666667,0.611111111111111,1
"135","DERECHO INTERNACIONAL PUBLICO",6,1.55855855855856,0.633587786259542,1
"136","DISPOSITIVOS ELECTRONICOS I",6,1.45026178010471,0.534257748776509,1
"137","EL USO DE LA TEORIA",6,1.77777777777778,0.785602503912363,1
"138","ENSAYISMO LATINOAMERICANO Y TRANSDISCIPLINARIEDAD",6,1.42175066312997,0.755639097744361,1
"139","EPISTEMOLOGIA CLASICA DE LA CIENCIA",6,1.41666666666667,0.626794258373206,1
"140","ESTADO PARTIDOS Y SOCIEDAD CIVIL. APORTES TEORICOS",6,1.32432432432432,0.779264214046823,1
"141","ESTETICA: INTRODUCCION A LOS PROBLEMAS DE LA ESTETICA Y EL ARTE",6,1.41152263374486,0.738636363636364,1
"142","ESTRUCTURA DE DATOS",6,1.43835616438356,0.607242339832869,1
"143","ESTUDIOS CULTURALES",6,1.33495145631068,0.67937033968517,1
"144","ETICA",6,1.38028169014085,0.62002743484225,1
"145","FILOSOFIA DE LA MENTE",6,1.33734939759036,0.663636363636364,1
"146","FILOSOFIA E HISTORIOGRAFIA MODERNAS",6,1.43396226415094,0.730909090909091,1
"147","FILOSOFIA POLITICA",6,1.39393939393939,0.606010016694491,1
"148","FILOSOFIAS DE LA HISTORIA",6,1.25954198473282,0.696524064171123,1
"149","FRANCES III",6,1.28104575163399,0.669491525423729,1
"150","GESTION CULTURAL Y COMUNICACION",6,1.22885572139303,0.792792792792793,1
"151","HERMENEUTICA HISTORICA",6,1.31914893617021,0.765384615384615,1
"152","HISTORIA DE LAS ARTES",6,1.25138632162662,0.714430550861778,1
"153","HISTORIA DE MEXICO DEL SIGLO XIX",6,1.32592592592593,0.663378545006165,1
"154","HISTORIA DEL DERECHO",6,1.21301775147929,0.721611721611722,1
"155","HISTORIA LATINOAMERICANA DEL SIGLO XIX",6,1.4,0.616107382550336,1
"156","INSTITUCIONES Y GRUPOS SOCIALES",6,1.17982456140351,0.733333333333333,1
"157","INTRODUCCION A LA COMUNICACION",6,1.2984496124031,0.673240525908739,1
"158","INTRODUCCION A LA COMUNICACION I",6,1.31009174311927,0.670836311651179,1
"159","INTRODUCCION A LA CULTURA Y AL ARTE",6,1.2522639068564,0.6039273805113,1
"160","LA RADIO: MEDIO DE EXPRESION",6,1.18421052631579,0.872427983539095,1
"161","LITERATURA Y FRONTERAS",6,1.36470588235294,0.641196013289037,1
"162","MEDIO AMBIENTE Y SALUD",6,1.41724137931034,0.742233727810651,1
"163","METODOS NUMERICOS",6,1.3010752688172,0.740384615384615,1
"164","MODERNIDAD Y CIENCIAS SOCIALES",6,1.46564885496183,0.690502793296089,1
"165","NOVELA II",6,1.36190476190476,0.726229508196721,1
"166","ONTOLOGIA",6,1.3,0.618947368421053,1
"167","OPERACION DEL TRANSPORTE",6,1.46341463414634,0.679442508710801,1
"168","PENSAMIENTO HISTORICO LATINOAMERICANO",6,1.42857142857143,0.710578842315369,1
"169","PROCESAMIENTO DIGITAL DE SEnALES",6,1.64705882352941,0.720812182741117,1
"170","PRODUCCION EDITORIAL",6,1.29299363057325,0.862660944206009,1
"171","PROGRAMACION ORIENTADA A OBJETOS (PROGRAMACION C++)",6,1.22134387351779,0.611111111111111,1
"172","PROMOCION DE LA SALUD I",6,1.47222222222222,0.705239179954442,1
"173","PSICOLOGIA SOCIAL I",6,1.35593220338983,0.822071171531387,1
"174","SALUD PUBLICA II",6,1.18446601941748,0.89138423846468,1
"175","SISTEMA NO JURISDICCIONAL DE LOS DERECHOS HUMANOS",6,1.16455696202532,0.770034843205575,1
"176","SOCIALIZACION Y PROYECCION DE LA CULTURA Y EL ARTE",6,1.36428571428571,0.746320953048353,1
"177","TALLER DE ARTES VISUALES I",6,1.31707317073171,0.799750467872739,1
"178","TALLER DE TEORIA Y METODOS CUANTITATIVOS",6,1.67567567567568,0.630094043887147,1
"179","TECNICAS ARTISTICAS",6,1.22591362126246,0.67728813559322,1
"180","TEORIA DE LOS CIRCUITOS",6,1.64179104477612,0.445754716981132,1
"181","TEORIA DEL CONOCIMIENTO",6,1.37234042553191,0.635531135531135,1
"182","TEORIA DEL FLUJO DE TRAFICO",6,1.59459459459459,0.536170212765957,1
"183","ACTORES SOCIALES MOVIMIENTOS SOCIALES Y SOCIEDAD CIVIL. APORTES TEORICOS",5,1.28326180257511,0.731794538361508,1
"184","ADMINISTRACION DE LA CIUDAD DE MEXICO",5,1.22996515679443,0.778992395437262,1
"185","ADMINISTRACION PARA LA SALUD",5,1.35064935064935,0.866011381272633,1
"186","ALGEBRA Y GEOMETRIA ANALITICA (SALUD)",5,1.28301886792453,0.382695507487521,1
"187","ANALISIS DE DATOS DEL TRANSPORTE",5,1.7027027027027,0.744615384615385,1
"188","ANALISIS DE POLITICAS PUBLICAS",5,1.18794326241135,0.784241868987632,1
"189","ANALISIS POLITICO CON METODOS CUALITATIVOS",5,1.32869080779944,0.757784583971414,1
"190","BIOETICA",5,1.23636363636364,0.749063670411985,1
"191","CAMBIO Y REPRODUCCION SOCIAL",5,1.55421686746988,0.737704918032787,1
"192","COMPUTACION II",5,1.17587939698492,0.760484622553588,1
"193","COMUNICACION GRAFICA Y DISEnO EDITORIAL",5,1.28658536585366,0.870171673819742,1
"194","COMUNICACION ORGANIZACIONAL E INSTITUCIONAL",5,1.22393822393822,0.758351101634684,1
"195","COMUNICACION PARA EL DESARROLLO",5,1.20103092783505,0.81335436382755,1
"196","CONCENTRADORES SWITCHES Y RUTEADORES",5,1.53571428571429,0.724279835390947,1
"197","CUENTO III",5,1.44,0.755775577557756,1
"198","CULTURA Y PODER",5,1.48795180722892,0.857435597189696,1
"199","DECISION POLITICA Y POLITICAS PUBLICAS",5,1.33055555555556,0.755134281200632,1
"200","DERECHO LABORAL",5,1.25862068965517,0.841523341523342,1
"201","DISPOSITIVOS ELECTRONICOS II",5,1.38028169014085,0.747401247401247,1
"202","DRAMATURGIA I",5,1.27586206896552,0.815581854043392,1
"203","EL CONOCIMIENTO DE LA REALIDAD SOCIAL",5,1.38372093023256,0.7359900373599,1
"204","ELECTRONICA DE POTENCIA I",5,1.32142857142857,0.761306532663317,1
"205","ENSAYO LITERARIO",5,1.24460431654676,0.692421991084695,1
"206","ENUNCIACION Y VOCES DEL RELATO",5,1.41509433962264,0.764015645371578,1
"207","ESTETICA",5,1.28703703703704,0.669064748201439,1
"208","ESTRUCTURA SOCIAL DEL MEXICO CONTEMPORANEO",5,1.31195335276968,0.787055335968379,1
"209","FARMACOLOGIA Y TOXICOLOGIA",5,1.36363636363636,0.688644688644689,1
"210","FILOSOFIA LATINOAMERICANA",5,1.22950819672131,0.588132635253054,1
"211","FINANZAS PUBLICAS Y PRESUPUESTACION",5,1.24311926605505,0.836162652980655,1
"212","FISICA I",5,1.50279329608939,0.076555023923445,1
"213","FORMACION HISTORICA DE AMERICA LATINA",5,1.17333333333333,0.728205128205128,1
"214","GENETICA",5,1.27272727272727,0.793556085918854,1
"215","GOBIERNO Y PODER EN LOS CENTROS URBANOS. EXPERIENCIAS COMPARADAS",5,1.3,0.736842105263158,1
"216","GRAMATICA Y CREACION",5,1.34285714285714,0.729145211122554,1
"217","HERMENEUTICA Y FENOMENOLOGIA",5,1.2289156626506,0.631455399061033,1
"218","HISTORIA DE LAS IDEAS EDUCATIVAS",5,1.25490196078431,0.737609329446064,1
"219","HISTORIA DE MEXICO DEL SIGLO XX",5,1.4952380952381,0.710182767624021,1
"220","HISTORIA LATINOAMERICANA DEL SIGLO XX",5,1.45185185185185,0.573573573573574,1
"221","IDENTIDADES ETNICAS RELIGIOSAS Y DE GENERO EN LA SOCIEDAD ACTUAL",5,1.28645833333333,0.782143979880541,1
"222","IMPACTO DE LA GLOBALIZACION EN LOS CENTROS URBANOS. EXPERIENCIAS COMPARADAS",5,1.30876494023904,0.710228919153868,1
"223","INGENIERIA DE PAVIMENTOS",5,1.59649122807018,0.560773480662983,1
"224","INTRODUCCION A LA INGENIERIA EN SISTEMAS ELECTRONICOS Y DE TELECOMUNICACIONES",5,1.21212121212121,0.585365853658537,1
"225","LA EXPLICACION EN CIENCIAS SOCIALES",5,1.33928571428571,0.75448275862069,1
"226","LAS COSMOVISIONES DE LA CIENCIA Y LAS HUMANIDADES",5,1.43478260869565,0.439271255060729,1
"227","LEGISLACION DEL PATRIMONIO CULTURAL Y ARTISTICO",5,1.41899441340782,0.666249217282404,1
"228","LITERATURA MUNDIAL CONTEMPORANEA",5,1.25471698113208,0.709106984969054,1
"229","LITERATURAS ANGLOFONAS",5,1.4,0.761904761904762,1
"230","LOGICA I",5,1.2710843373494,0.643031784841076,1
"231","LOS GRANDES PROBLEMAS DE LA ADMINISTRACION EN LAS CIUDADES. EXPERIENCIAS COMPARADAS",5,1.32258064516129,0.831339031339031,1
"232","MARCO JURIDICO DE LA ADMINISTRACION PUBLICA",5,1.42631578947368,0.814814814814815,1
"233","MATEMATICAS I",5,1.41333333333333,0.252525252525253,1
"234","METODOS PARA EL ANALISIS DE PROCESOS DE COMUNICACION INTERPERSONAL",5,1.32163742690058,0.84668071654373,1
"235","METODOS PARA EL ANALISIS DE PROCESOS SOCIOCULTURALES",5,1.31666666666667,0.80952380952381,1
"236","METODOS Y TECNICAS DE INVESTIGACION",5,1.16867469879518,0.772222222222222,1
"237","MICROBIOLOGIA",5,1.2015503875969,0.762874251497006,1
"238","NOVELA I",5,1.47517730496454,0.714980544747082,1
"239","NUEVAS TECNOLOGIAS DE INFORMACION Y COMUNICACION",5,1.24603174603175,0.655685441020191,1
"240","OPTICA Y ACUSTICA",5,1.13698630136986,0.863808322824716,1
"241","ORGANIZACION Y AGENTES SOCIALES",5,1.31730769230769,0.765381853004549,1
"242","PENSAMIENTO ISLAMICO-LATINO",5,1.31578947368421,0.687793427230047,1
"243","PERIODISMO LITERARIO Y DE INVESTIGACION",5,1.37837837837838,0.716992665036675,1
"244","PLANEACION DE LA COMUNICACION",5,1.15183246073298,0.855330955212049,1
"245","POLITICA ECONOMICA Y DISTRIBUTIVA",5,1.32547169811321,0.808681672025723,1
"246","POLITICAS CULTURALES",5,1.5,0.696785403996525,1
"247","PRIMERAS FILOSOFIAS",5,1.32380952380952,0.717206132879046,1
"248","PRIMERAS ONTOLOGIAS",5,1.22764227642276,0.644736842105263,1
"249","PROBLEMAS DE HISTORIA CONTEMPORANEOS I",5,1.18857142857143,0.693107932379714,1
"250","PROBLEMAS JURIDICOS CONTEMPORANEOS",5,1.18604651162791,0.692525481313703,1
"251","PROGRAMACION ORIENTADA A OBJETOS",5,1.20576131687243,0.613800205973223,1
"252","PROYECTOS CULTURALES",5,1.35766423357664,0.771050800278358,1
"253","PSICOLOGIA SOCIAL I",5,1.32386363636364,0.821717990275527,1
"254","SALUD COMUNITARIA I",5,1.38297872340426,0.804931748128578,1
"255","SALUD COMUNITARIA I",5,1.41428571428571,0.804577464788732,1
"256","SEMINARIO DE DISEnO DE PROYECTOS DE TITULACION",5,1.4875,0.721875,1
"257","SEMINARIO DE TESIS II: PROCESO DE INVESTIGACION",5,1.2,0.667481662591687,1
"258","SIGNIFICACION CULTURA Y ARTE",5,1.46551724137931,0.689887640449438,1
"259","SISTEMAS DE TELEVISION",5,1.36842105263158,0.813025210084034,1
"260","SOCIOLOGIA DE LA CULTURA Y EL ARTE",5,1.50952380952381,0.692814765985498,1
"261","SOCIOLOGIA DE LA LITERATURA",5,1.40384615384615,0.674698795180723,1
"262","TALLER DE ANALISIS DE ARGUMENTOS",5,1.16,0.701137538779731,1
"263","TALLER DE ARTES LITERARIAS I",5,1.25,0.776585365853659,1
"264","TALLER DE ARTES POPULARES I",5,1.34146341463415,0.853347502656748,1
"265","TALLER DE GESTION CULTURAL",5,1.26086956521739,0.866740088105727,1
"266","TALLER DE HERMENEUTICA CRITICA",5,1.3030303030303,0.807339449541284,1
"267","TALLER DE METODOS CUALITATIVOS",5,1.39423076923077,0.68452380952381,1
"268","TALLER DE TESIS",5,1.42857142857143,0.717948717948718,1
"269","TEORIA DE LA ORGANIZACION EN EL CONTEXTO GLOBAL",5,1.31223628691983,0.728845633955123,1
"270","TEORIA ECONOMICA DEL TRANSPORTE",5,1.25806451612903,0.628019323671498,1
"271","TEORIA ELECTROMAGNETICA",5,1.21666666666667,0.751169317118803,1
"272","TEORIA Y SOCIOLOGIA DEL CONOCIMIENTO",5,1.58870967741935,0.143617021276596,1
"273","TESIS",5,1.35869565217391,0.807980049875312,1
"274","ADQUISICION Y MANIPULACION DE DATOS",4,1.28571428571429,0.816176470588235,1
"275","ANALISIS CUALITATIVO",4,1.16216216216216,0.816537467700258,1
"276","ANALISIS CUANTITATIVO",4,1.2093023255814,0.799102132435466,1
"277","ANALISIS DE SEnALES",4,1.35944700460829,0.563435776201734,1
"278","ANALISIS POLITICO CON METODOS CUANTITATIVOS",4,1.28384279475983,0.774107932763197,1
"279","ANTROPOLOGIA FILOSOFICA",4,1.41353383458647,0.609665427509294,1
"280","BIOESTADISTICA I",4,1.23417721518987,0.687022900763359,1
"281","BIOESTADISTICA II",4,1.23636363636364,0.806640625,1
"282","BIOLOGIA MOLECULAR II",4,1.3448275862069,0.640350877192982,1
"283","BIOQUIMICA II",4,1.18125,0.700699300699301,1
"284","COMUNICACION POLITICA",4,1.20114942528736,0.828091339939681,1
"285","COMUNICACIONES ANALOGICAS Y DIGITALES",4,1.52777777777778,0.74559686888454,1
"286","CORRECCION DE ESTILO EDITORIAL",4,1.15555555555556,0.774436090225564,1
"287","CREACION LITERARIA",4,1.12,0.790469973890339,1
"288","CRITICA LITERARIA",4,1.23404255319149,0.680061823802164,1
"289","CUENTO II",4,1.27731092436975,0.730140186915888,1
"290","CUENTO IV",4,1.14,0.808314087759815,1
"291","CULTURA Y SOCIEDAD",4,1.14678899082569,0.727156549520767,1
"292","DE ALTEPETL AL AYUNTAMIENTO CONSTITUCIONAL. TIERRA Y GOBIERNO DE LOS PUEBLOS",4,1.6,0.416666666666667,1
"293","DERECHO AGRARIO",4,1.15094339622642,0.860164512338425,1
"294","DERECHO CINE Y LITERATURA",4,1.12121212121212,0.721686746987952,1
"295","DERECHO FISCAL",4,1.30392156862745,0.721437740693196,1
"296","DERECHO INTERNACIONAL PRIVADO",4,1.37974683544304,0.737864077669903,1
"297","DISEnO DE CONTROLADORES",4,1.125,0.710691823899371,1
"298","DISEnO Y CREACION DE PRODUCTOS MULTIMEDIA",4,1.18604651162791,0.671052631578947,1
"299","DIVERSIDAD Y SOCIALIZACION",4,1.13725490196078,0.736804049168474,1
"300","ECOLOGIA Y CAMBIO CLIMATICO",4,1.58333333333333,0.45,1
"301","ECUACIONES DIFERENCIALES",4,1.75,0.263157894736842,1
"302","EL PROBLEMA DE LA ALTERIDAD",4,1.35365853658537,0.770207852193995,1
"303","ELEMENTOS BASICOS DEL DERECHO",4,1.1673640167364,0.594680177327422,1
"304","EPIDEMIOLOGIA II",4,1.19354838709677,0.888977955911824,1
"305","ERGONOMIA EN EL TRANSPORTE",4,1.6,0.825136612021858,1
"306","ESPAnOL SUPERIOR: PARADIGMAS VERBALES",4,1.12,0.801923076923077,1
"307","ESTETICA LITERARIA CONTEMPORANEA",4,1.17777777777778,0.702857142857143,1
"308","EVALUACION DEL ESTADO DE NUTRICION",4,1.14285714285714,0.853131749460043,1
"309","FILOSOFIA CLASICA DEL LENGUAJE",4,1.25842696629213,0.582417582417582,1
"310","FILOSOFIA DE LA CULTURA",4,1.22857142857143,0.781914893617021,1
"311","FILOSOFIA DEL DERECHO",4,1.34567901234568,0.773006134969325,1
"312","FILOSOFIA DEL DERECHO Y DEL ESTADO",4,1.31192660550459,0.546623794212219,1
"313","FILOSOFIA FEMINISTA",4,1.25,0.741648106904232,1
"314","FILOSOFIA Y ARTE",4,1.38095238095238,0.683544303797468,1
"315","FISICA DE LA CELULA",4,1.528,0.316037735849057,1
"316","FORMULACION Y EVALUACION DE PROYECTOS",4,1.24074074074074,0.714285714285714,1
"317","FUNDAMENTOS DE MATEMATICAS PARA EL MEDIO AMBIENTE",4,1.3125,0.604395604395604,1
"318","FUNDAMENTOS Y DETERMINANTES DE LA NUTRICION",4,1.17894736842105,0.793148880105402,1
"319","GUION II",4,1.20833333333333,0.84593837535014,1
"320","HISTORIA DE LA CIUDAD DE MEXICO DEL SIGLO XVIII AL SIGLO XX 1753 A 1928",4,1.42857142857143,0.63265306122449,1
"321","HISTORIA DE LA FILOSOFIA II",4,1.26666666666667,0.777777777777778,1
"322","HISTORIA DE LA FILOSOFIA III",4,1.27027027027027,0.640287769784173,1
"323","HISTORIA DE LA SALUD EN AMERICA LATINA SIGLOS XIX Y XX",4,1.33333333333333,0.770642201834862,1
"324","HISTORIA MUNDIAL DEL SIGLO XIX",4,1.28571428571429,0.576407506702413,1
"325","HISTORIA MUNDIAL DEL TIEMPO PRESENTE",4,1.36231884057971,0.693877551020408,1
"326","IMPLANTACION DIGITAL DE CONTROLADORES",4,1.47619047619048,0.723404255319149,1
"327","INGENIERIA DE PROTEINAS",4,1.30769230769231,0.838709677419355,1
"328","INGENIERIA DE TRANSPORTE",4,1.16304347826087,0.587378640776699,1
"329","INMUNOLOGIA",4,1.35849056603774,0.338709677419355,1
"330","INTRODUCCION A LA FILOSOFIA",4,1.14769975786925,0.667081518357187,1
"331","INTRODUCCION A LA INGENIERIA DE SOFTWARE",4,1.2536231884058,0.677329624478442,1
"332","INTRODUCCION A LA POLITICA",4,1.42156862745098,0.562277580071174,1
"333","KANT",4,1.30769230769231,0.676767676767677,1
"334","KARL MARX",4,1.15384615384615,0.420289855072464,1
"335","LA CONDICION HUMANA: RELACION SER HUMANO NATURALEZA Y CULTURA",4,1.38551401869159,0.50125313283208,1
"336","LA INVESTIGACION DE LA PRODUCCION LOS DISCURSOS Y LA RECEPCION DE LOS MEDIOS DE COMUNICACION",4,1.35260115606936,0.846605196982397,1
"337","LA INVESTIGACION DE LA PRODUCCION LOS DISCURSOS Y LA RECEPCION DE LOS MEDIOS DE COMUNICACION",4,1.3757225433526,0.846648044692737,1
"338","LAS INTERNACIONALES OBRERAS EN LOS SIGLOS XIX Y XX",4,1.42857142857143,0.747252747252747,1
"339","LENGUA EXTRANJERA III",4,2.5,0,1
"340","LENGUAJES DE PROGRAMACION",4,1.35294117647059,0.796680497925311,1
"341","LINEAS DE TRANSMISION",4,1.55555555555556,0.819391634980989,1
"342","LITERATURA GRECOLATINA",4,1.23529411764706,0.76908023483366,1
"343","LITERATURA LATINOAMERICANA DE LOS SIGLOS XIX Y XX",4,1.21008403361345,0.635235732009926,1
"344","LITERATURAS DE LA ANTIGUEDAD (MESOPOTAMIA INDIA CHINA EGIPTO Y CANAAN)",4,1.12244897959184,0.828828828828829,1
"345","LITERATURAS DE VANGUARDIA",4,1.17857142857143,0.792332268370607,1
"346","LOGISTICA",4,1.45714285714286,0.708333333333333,1
"347","MATEMATICAS (ALGEBRA Y GEOMETRIA ANALITICA)",4,1.40804597701149,0.318032786885246,1
"348","MEDIO RADIOFONICO",4,1.17037037037037,0.823392493453593,1
"349","METAFISICA",4,1.24285714285714,0.368852459016393,1
"350","METODOLOGIA DE LA INVESTIGACION",4,1.12315270935961,0.802514792899408,1
"351","MODELADO DE SISTEMAS FISICOS",4,1.36633663366337,0.650193798449612,1
"352","MODELOS DE DEMANDA DEL TRANSPORTE",4,1.21052631578947,0.663299663299663,1
"353","MORFOFISIOLOGIA II",4,1.18604651162791,0.828235294117647,1
"354","NARRATIVA EUROPEA Y NORTEAMERICANA DEL SIGLO XX",4,1.19767441860465,0.682098765432099,1
"355","NARRATIVA MEXICANA CONTEMPORANEA",4,1.23863636363636,0.772727272727273,1
"356","OBLIGACIONES",4,1.28888888888889,0.74346201743462,1
"357","OPTIMIZACION I",4,1.2,0.845161290322581,1
"358","PATOLOGIA I",4,1.23628691983122,0.828571428571429,1
"359","PELIGROS ASOCIADOS A LOS FENOMENOS NATURALES Y ANTROPOGENICOS",4,1.21739130434783,0.834437086092715,1
"360","PERIODISMO DE INVESTIGACION Y PERIODISMO LITERARIO",4,1.21,0.768472906403941,1
"361","PERIODISMO DE INVESTIGACION Y PERIODISMO LITERARIO",4,1.17796610169492,0.75,1
"362","PERSONA Y FAMILIA",4,1.2109375,0.737313432835821,1
"363","PLANEACION CON PARTICIPACION EN LA CIUDAD DE MEXICO",4,1.2109375,0.872347165030092,1
"364","POESIA I",4,1.35897435897436,0.818401937046005,1
"365","POESIA II",4,1.2093023255814,0.879478827361563,1
"366","POLITICA SOCIAL Y GESTION DE RIESGOS",4,1.125,0.762589928057554,1
"367","PROBLEMAS CONTEMPORANEOS DE ETICA",4,1.31111111111111,0.676646706586826,1
"368","PROBLEMAS DE HISTORIA CONTEMPORANEA",4,1.17006802721088,0.717877094972067,1
"369","PROCESOS EN PARTICULAR",4,1.14285714285714,0.856780735107731,1
"370","PRODUCTO COMUNICATIVO",4,1.25609756097561,0.727578475336323,1
"371","PROPAGACION Y ANTENAS",4,1.24137931034483,0.763157894736842,1
"372","PROTEOMICA",4,1.5,0.78021978021978,1
"373","PROYECTOS DE TELECOMUNICACIONES",4,1.31034482758621,0.755707762557078,1
"374","QUIMICA INORGANICA",4,1.16319444444444,0.696779261586803,1
"375","QUIMICA ORGANICA",4,1.19642857142857,0.735641227380016,1
"376","RADIOCOMUNICACIONES",4,1.5531914893617,0.733153638814016,1
"377","RESOLUCION DE CONFLICTOS SOCIOAMBIENTALES",4,2.33333333333333,0.666666666666667,1
"378","SALUD COMUNITARIA II",4,1.39,0.859905660377358,1
"379","SALUD COMUNITARIA III",4,1.22058823529412,0.891052631578947,1
"380","SALUD PUBLICA I",4,1.16438356164384,0.802571860816944,1
"381","SARTRE: DE LA ONTOLOGIA A LA INTERSUJETIVIDAD",4,1.6,0.5,1
"382","SENTIDO Y SIGNIFICACION SOCIAL",4,1.33898305084746,0.815580286168522,1
"383","SENTIDO Y SIGNIFICACION SOCIAL",4,1.42857142857143,0.819102749638206,1
"384","SISTEMAS DE INFORMACION GEOGRAFICA",4,1.56,0.788235294117647,1
"385","SISTEMAS DE RADIO COMERCIAL",4,1.3,0.893617021276596,1
"386","SISTEMAS DE TELEFONIA CELULAR",4,1.29032258064516,0.770967741935484,1
"387","SISTEMAS ELECTRONICOS ANALOGICOS",4,1.40845070422535,0.731073446327684,1
"388","SISTEMAS ELECTRONICOS DIGITALES",4,1.14893617021277,0.62972972972973,1
"389","SISTEMAS INTELIGENTES DE TRANSPORTE",4,1.5625,0.816733067729084,1
"390","SISTEMAS MOTRICES",4,1.5,0.886861313868613,1
"391","SISTEMAS TELEFONICOS",4,1.3030303030303,0.679916317991632,1
"392","SOCIOLOGIA JURIDICA",4,1.36559139784946,0.791666666666667,1
"393","TALLER DE ANALISIS POLITICO I",4,1.39495798319328,0.436293436293436,1
"394","TALLER DE ARTES VISUALES III",4,1.16666666666667,0.872427983539095,1
"395","TALLER DE INVESTIGACION HISTORICA",4,1.48,0.709821428571429,1
"396","TALLER DE LENGUAJE Y COMUNICACION I",4,1.27160493827161,0.542600896860987,1
"397","TALLER DE PROBLEMAS DE LA GESTION CULTURAL",4,1.36986301369863,0.8125,1
"398","TALLER DE PROBLEMAS DE LA PROMOCION CULTURAL",4,1.15625,0.831215970961887,1
"399","TALLER DE PROYECTOS DE INVESTIGACION",4,1.49056603773585,0.708494208494209,1
"400","TEORIA DE LA NORMA PENAL",4,1.26984126984127,0.745508982035928,1
"401","TEORIA DEL ESTADO",4,1.24293785310734,0.721384205856256,1
"402","TEORIA GENERAL DE LOS DERECHOS HUMANOS",4,1.21951219512195,0.786885245901639,1
"403","TEORIA POLITICA MODERNA",4,1.18260869565217,0.513618677042802,1
"404","TEORIAS DE LA HISTORIA E HISTORIOGRAFIAS DESPUES DE 1940",4,1.38461538461538,0.787272727272727,1
"405","TEORIAS DE LA HISTORIA E HISTORIOGRAFIAS HASTA 1940",4,1.44859813084112,0.637462235649547,1
"406","TOPOLOGIAS Y DISEnO DE REDES",4,1.33333333333333,0.775086505190311,1
"407","USO DE LA TEORIA",4,1.66666666666667,0.363636363636364,1
"408","VIDEO EXPERIMENTAL",4,1.11702127659574,0.916487300904003,1
